"Data","Último","Abertura","Máxima","Mínima","Vol.","Var%"
"10.11.2022","20.347,09","22.001,58","22.001,58","20.347,09","24,67M","-6,78%"
"09.11.2022","21.827,12","22.450,31","22.506,00","21.827,12","19,12M","-3,32%"
"08.11.2022","22.576,15","22.668,95","22.668,95","22.167,02","12,73M","1,07%"
"07.11.2022","22.337,35","23.463,57","23.463,57","22.337,35","13,58M","-4,37%"
"04.11.2022","23.357,81","22.769,84","23.839,09","22.769,84","16,21M","2,23%"
"03.11.2022","22.847,83","22.707,00","22.860,57","22.298,10","15,63M","0,52%"
"01.11.2022","22.730,19","22.075,42","22.966,02","22.075,42","17,97M","1,45%"
"31.10.2022","22.406,39","21.428,49","22.406,39","21.328,92","21,64M","3,62%"
"28.10.2022","21.623,59","21.630,69","21.630,69","21.204,52","14,39M","0,82%"
"27.10.2022","21.447,62","21.179,83","21.932,52","21.179,83","15,53M","2,34%"
"26.10.2022","20.957,86","21.592,84","21.592,84","20.957,86","16,09M","-2,81%"
"25.10.2022","21.563,39","21.998,50","21.998,50","21.563,39","14,73M","-1,44%"
"24.10.2022","21.878,66","23.100,51","23.100,51","21.878,66","13,28M","-6,07%"
"21.10.2022","23.292,81","22.459,30","23.292,81","22.459,30","16,24M","3,68%"
"20.10.2022","22.466,16","22.021,17","22.496,95","22.021,17","16,92M","1,84%"
"19.10.2022","22.059,24","21.966,63","22.055,82","21.829,54","12,73M","-0,11%"
"18.10.2022","22.082,89","21.558,17","22.082,89","21.558,17","14,74M","2,65%"
"17.10.2022","21.511,95","21.225,11","21.706,04","21.225,11","11,63M","2,28%"
"14.10.2022","21.032,43","21.561,69","21.718,36","21.032,43","13,10M","-3,08%"
"13.10.2022","21.701,59","22.054,74","22.054,74","21.257,87","14,58M","0,20%"
"11.10.2022","21.658,34","22.321,69","22.321,69","21.658,34","13,14M","-3,03%"
"10.10.2022","22.335,58","22.288,07","22.497,47","22.193,34","11,43M","-0,15%"
"07.10.2022","22.369,10","22.606,91","22.606,91","22.201,35","13,62M","-0,62%"
"06.10.2022","22.508,94","22.478,75","22.764,95","22.478,75","14,52M","-0,21%"
"05.10.2022","22.557,13","22.610,81","22.610,81","22.230,68","13,56M","0,39%"
"04.10.2022","22.469,26","22.337,77","23.009,46","22.469,26","16,08M","0,03%"
"03.10.2022","22.462,28","20.356,56","22.335,27","20.356,56","20,98M","10,42%"
"30.09.2022","20.343,27","19.971,12","20.440,65","19.851,11","16,54M","2,02%"
"29.09.2022","19.941,35","20.237,46","20.237,46","19.707,57","14,59M","-1,18%"
"28.09.2022","20.178,84","20.164,95","20.275,40","20.078,89","13,54M","0,21%"
"27.09.2022","20.137,00","20.380,61","20.590,08","20.137,00","14,52M","-0,54%"
"26.09.2022","20.245,32","21.380,01","21.380,01","20.245,32","13,13M","-4,74%"
"23.09.2022","21.253,53","22.076,31","22.076,31","21.192,30","13,54M","-4,60%"
"22.09.2022","22.279,39","21.863,61","22.342,27","21.839,56","","3,01%"
"21.09.2022","21.628,73","20.667,71","21.874,27","20.667,71","4,67M","-0,47%"
"20.09.2022","21.731,84","20.667,71","21.769,06","20.667,71","9,06M","0,26%"
"19.09.2022","21.675,92","20.667,71","21.385,37","20.723,01","12,59M","4,31%"
"16.09.2022","20.781,27","21.061,38","21.061,38","20.517,61","14,11M","-0,85%"
"15.09.2022","20.958,72","21.354,22","21.354,22","20.958,72","11,62M","-2,07%"
"14.09.2022","21.401,58","21.393,76","21.539,27","21.271,47","11,63M","0,29%"
"13.09.2022","21.338,74","22.158,02","22.158,02","21.338,74","12,61M","-4,18%"
"12.09.2022","22.269,11","21.753,59","22.306,80","21.753,59","11,71M","2,08%"
"09.09.2022","21.815,01","21.078,50","21.815,01","21.078,50","12,16M","3,49%"
"08.09.2022","21.079,86","21.019,98","21.240,61","20.828,58","13,76M","0,88%"
"06.09.2022","20.895,84","21.711,03","21.711,03","20.895,84","14,30M","-4,04%"
"05.09.2022","21.774,80","21.373,37","21.801,74","21.373,37","9,52M","1,52%"
"02.09.2022","21.449,15","21.232,08","21.642,54","21.232,08","16,69M","1,81%"
"01.09.2022","21.068,11","21.150,13","21.231,38","20.810,64","14,48M","-0,28%"
"31.08.2022","21.127,30","21.819,49","21.819,49","21.127,30","14,79M","-2,00%"
"30.08.2022","21.559,43","22.276,23","22.301,23","21.559,43","11,94M","-3,46%"
"29.08.2022","22.333,08","22.063,36","22.454,34","22.063,36","9,80M","0,67%"
"26.08.2022","22.184,90","22.188,63","22.416,13","22.000,94","11,16M","-0,15%"
"25.08.2022","22.217,56","22.117,74","22.310,51","22.039,24","11,84M","0,60%"
"24.08.2022","22.085,95","22.118,31","22.311,68","22.065,72","13,76M","-0,10%"
"23.08.2022","22.107,17","21.372,75","22.139,62","21.372,75","11,89M","3,32%"
"22.08.2022","21.397,82","21.984,52","21.984,52","21.247,97","11,01M","-0,77%"
"19.08.2022","21.564,75","21.984,52","21.984,52","21.392,77","12,68M","-2,07%"
"18.08.2022","22.019,63","21.960,21","22.094,28","21.887,28","10,64M","0,04%"
"17.08.2022","22.010,58","22.111,63","22.111,63","21.723,59","14,65M","-0,21%"
"16.08.2022","22.057,73","22.198,75","22.198,75","21.952,28","12,99M","-0,53%"
"15.08.2022","22.174,22","22.103,86","22.234,18","21.812,39","15,55M","0,16%"
"12.08.2022","22.137,97","21.832,84","22.137,97","21.506,15","16,62M","4,06%"
"11.08.2022","21.274,06","21.832,84","21.832,84","21.274,06","12,46M","-1,69%"
"10.08.2022","21.640,53","21.155,61","21.857,78","21.155,61","13,38M","2,08%"
"09.08.2022","21.200,41","21.155,61","21.346,26","21.055,48","12,15M","-0,04%"
"08.08.2022","21.209,81","20.413,17","21.172,35","20.778,84","12,67M","2,91%"
"05.08.2022","20.610,53","20.207,48","20.547,95","20.230,03","12,95M","1,47%"
"04.08.2022","20.312,33","19.639,80","20.258,68","19.803,58","15,50M","3,40%"
"03.08.2022","19.644,06","19.811,06","19.659,03","19.459,13","12,38M","0,39%"
"02.08.2022","19.567,74","19.811,06","19.811,49","19.435,81","10,12M","-0,71%"
"01.08.2022","19.707,37","19.886,02","20.022,77","19.721,78","11,61M","-1,17%"
"29.07.2022","19.940,21","19.676,02","20.045,00","19.760,64","12,93M","0,77%"
"28.07.2022","19.787,97","19.114,49","19.693,09","19.378,38","11,13M","2,30%"
"27.07.2022","19.343,62","18.613,68","19.120,94","18.800,70","10,26M","3,74%"
"26.07.2022","18.645,60","18.521,16","18.796,57","18.537,52","9,14M","-0,38%"
"25.07.2022","18.716,14","18.146,28","18.565,16","18.272,78","8,62M","4,03%"
"22.07.2022","17.991,24","18.090,39","18.292,65","18.035,30","10,03M","-0,08%"
"21.07.2022","18.005,05","18.106,64","18.106,64","17.734,84","10,06M","0,23%"
"20.07.2022","17.963,25","18.227,71","18.121,25","17.920,70","12,94M","-1,01%"
"19.07.2022","18.145,76","18.058,81","18.246,72","17.981,61","10,30M","1,84%"
"18.07.2022","17.818,41","17.877,46","18.314,32","17.990,39","10,74M","-0,55%"
"15.07.2022","17.916,17","17.616,52","17.954,87","17.616,52","8,39M","1,31%"
"14.07.2022","17.684,84","18.130,02","18.130,02","17.490,33","10,01M","-2,56%"
"13.07.2022","18.150,34","18.157,58","18.324,46","18.041,93","12,21M","0,44%"
"12.07.2022","18.071,54","18.781,28","18.781,28","17.971,91","12,57M","-1,07%"
"11.07.2022","18.267,32","18.781,28","18.781,28","18.300,42","8,89M","-4,26%"
"08.07.2022","19.080,85","18.781,28","19.136,52","18.781,28","9,73M","0,87%"
"07.07.2022","18.915,75","18.175,74","18.909,69","18.406,52","9,77M","4,05%"
"06.07.2022","18.180,29","18.238,67","18.253,01","17.936,74","13,35M","-0,36%"
"05.07.2022","18.246,64","18.593,98","18.296,97","17.905,74","13,36M","-1,39%"
"04.07.2022","18.504,52","18.622,40","18.697,88","18.492,98","6,28M","-0,27%"
"01.07.2022","18.554,32","18.815,08","18.695,34","18.298,55","11,61M","-2,56%"
"30.06.2022","19.041,46","19.061,47","19.020,71","18.665,45","8,55M","-0,94%"
"29.06.2022","19.222,69","19.280,54","19.385,61","18.984,76","10,45M","0,68%"
"28.06.2022","19.092,08","19.300,81","19.595,79","19.158,61","10,49M","-0,74%"
"27.06.2022","19.234,47","18.856,63","19.321,61","18.856,53","9,90M","2,14%"
"24.06.2022","18.830,94","18.924,76","18.978,89","18.733,97","10,35M","0,64%"
"23.06.2022","18.711,73","19.323,80","19.339,72","18.865,66","12,40M","-2,33%"
"22.06.2022","19.157,33","19.371,50","19.506,70","19.055,12","11,68M","-1,47%"
"21.06.2022","19.442,86","19.338,41","19.641,77","19.272,10","11,07M","1,07%"
"20.06.2022","19.236,29","19.456,26","19.459,88","19.058,56","10,90M","-0,70%"
"17.06.2022","19.372,57","20.112,30","20.112,30","19.179,01","18,93M","-4,75%"
"15.06.2022","20.338,66","19.936,30","20.337,67","19.964,88","16,02M","1,97%"
"14.06.2022","19.945,53","20.106,65","20.182,38","19.791,25","11,56M","-0,89%"
"13.06.2022","20.123,83","21.167,25","21.167,60","20.409,30","10,87M","-4,86%"
"10.06.2022","21.150,82","21.879,88","21.491,55","21.000,92","12,84M","-3,10%"
"09.06.2022","21.827,79","22.249,73","22.169,85","21.875,09","11,96M","-1,43%"
"08.06.2022","22.145,54","22.507,17","22.522,61","22.117,90","7,91M","-1,97%"
"07.06.2022","22.591,39","22.978,22","23.030,33","22.813,13","9,47M","-1,70%"
"06.06.2022","22.981,01","23.170,45","23.344,06","22.943,73","8,21M","-1,24%"
"03.06.2022","23.270,71","23.477,08","23.477,08","23.172,80","7,61M","-0,79%"
"02.06.2022","23.456,38","23.317,71","23.599,52","23.287,38","8,46M","1,45%"
"01.06.2022","23.121,47","23.549,80","23.672,54","23.121,47","9,79M","-1,70%"
"31.05.2022","23.520,70","23.519,53","23.666,57","23.409,15","15,81M","0,71%"
"30.05.2022","23.355,02","23.602,89","23.869,97","23.438,99","7,28M","-1,10%"
"27.05.2022","23.614,64","23.329,35","23.614,64","23.260,20","9,98M","0,66%"
"26.05.2022","23.458,72","22.868,75","23.183,98","22.829,71","13,08M","2,44%"
"25.05.2022","22.900,30","22.989,58","22.957,43","22.687,15","10,74M","-0,19%"
"24.05.2022","22.944,45","23.003,33","23.064,87","22.598,71","11,72M","0,11%"
"23.05.2022","22.918,29","22.246,79","23.074,11","22.246,79","10,68M","3,08%"
"20.05.2022","22.232,95","21.762,90","22.307,24","21.950,76","12,87M","2,47%"
"19.05.2022","21.696,11","21.427,21","21.836,95","21.427,21","11,43M","1,46%"
"18.05.2022","21.382,86","21.902,20","21.966,57","21.382,86","14,75M","-2,90%"
"17.05.2022","22.021,24","21.367,20","22.021,24","21.366,88","16,50M","2,97%"
"16.05.2022","21.386,70","20.937,33","21.475,51","20.937,33","10,60M","0,67%"
"13.05.2022","21.243,45","20.532,01","21.243,45","20.532,01","10,28M","3,20%"
"12.05.2022","20.583,82","20.374,61","20.583,82","20.121,72","14,00M","0,85%"
"11.05.2022","20.410,58","20.066,55","20.565,64","20.066,55","10,20M","1,61%"
"10.05.2022","20.088,05","20.113,59","20.295,48","19.925,69","13,51M","0,42%"
"09.05.2022","20.003,10","20.363,26","20.363,26","19.909,75","13,20M","-3,36%"
"06.05.2022","20.699,07","21.041,61","21.041,61","20.491,90","14,14M","-1,17%"
"05.05.2022","20.944,80","21.629,73","21.629,73","20.748,55","13,83M","-4,88%"
"04.05.2022","22.019,30","21.237,49","22.019,30","20.950,14","14,56M","2,57%"
"03.05.2022","21.466,57","21.217,64","21.466,57","21.138,55","8,31M","2,05%"
"02.05.2022","21.035,47","21.932,73","21.932,73","20.934,78","10,60M","-3,03%"
"29.04.2022","21.691,93","21.938,77","22.734,41","21.932,74","13,66M","-1,40%"
"27.04.2022","21.999,23","21.791,00","21.999,23","21.573,36","11,52M","-3,05%"
"25.04.2022","22.690,18","23.473,55","22.772,07","22.376,03","11,10M","-2,02%"
"22.04.2022","23.158,03","24.647,73","24.647,73","23.158,03","10,88M","-6,38%"
"20.04.2022","24.736,08","24.659,58","24.801,50","24.561,98","10,75M","0,36%"
"19.04.2022","24.647,43","24.751,17","24.794,67","24.492,51","10,54M","-0,85%"
"18.04.2022","24.857,86","24.639,81","24.859,00","24.639,81","8,40M","0,61%"
"14.04.2022","24.707,40","24.886,67","24.886,67","24.521,45","10,37M","-0,72%"
"13.04.2022","24.886,67","24.990,79","25.067,71","24.815,66","12,07M","0,18%"
"12.04.2022","24.841,59","24.875,77","25.521,31","24.841,59","11,41M","-0,26%"
"11.04.2022","24.905,31","24.905,89","25.164,38","24.873,53","9,56M","-1,11%"
"08.04.2022","25.184,86","25.067,80","25.184,86","24.730,38","11,23M","0,70%"
"07.04.2022","25.010,70","25.175,37","25.149,16","24.782,47","11,52M","-0,26%"
"06.04.2022","25.074,81","25.625,14","25.315,74","24.869,70","13,41M","-1,86%"
"05.04.2022","25.549,12","26.268,56","26.216,37","25.605,44","11,79M","-3,23%"
"04.04.2022","26.402,42","25.877,87","26.402,42","25.877,87","8,81M","1,18%"
"01.04.2022","26.094,17","25.331,63","26.094,17","25.331,63","13,78M","3,07%"
"31.03.2022","25.317,63","25.322,82","25.517,11","25.331,26","11,20M","0,42%"
"30.03.2022","25.211,69","25.276,61","25.379,79","25.211,69","10,89M","-0,06%"
"29.03.2022","25.226,58","24.789,58","25.463,36","24.789,58","12,93M","1,29%"
"28.03.2022","24.904,10","24.777,32","24.904,10","24.564,75","9,17M","-0,80%"
"25.03.2022","25.105,39","24.773,13","25.105,39","24.666,26","13,81M","2,27%"
"24.03.2022","24.547,59","24.120,15","24.547,59","24.056,59","2,56M","0,88%"
"23.03.2022","24.333,66","23.834,38","24.333,66","23.834,38","11,08M","1,89%"
"22.03.2022","23.881,25","23.390,41","23.889,40","23.390,41","11,38M","1,49%"
"21.03.2022","23.529,73","22.277,54","23.529,73","22.277,54","10,38M","2,51%"
"18.03.2022","22.953,84","22.277,54","22.953,84","22.277,54","19,55M","2,31%"
"17.03.2022","22.436,22","21.667,40","22.436,22","21.667,40","14,41M","2,51%"
"16.03.2022","21.885,88","21.235,98","21.885,88","21.235,98","13,21M","3,72%"
"15.03.2022","21.100,60","21.706,63","21.706,63","21.006,64","13,65M","-1,69%"
"14.03.2022","21.464,16","22.232,44","22.232,44","21.464,16","10,48M","-2,42%"
"11.03.2022","21.995,82","22.504,59","22.811,84","21.995,82","11,64M","-2,79%"
"10.03.2022","22.626,51","22.740,05","22.740,05","22.153,13","11,93M","-0,23%"
"09.03.2022","22.678,17","21.849,96","22.770,20","21.849,96","13,60M","3,09%"
"08.03.2022","21.997,63","22.065,94","22.081,82","21.802,71","14,63M","0,20%"
"07.03.2022","21.954,63","22.554,53","22.646,33","22.052,96","11,11M","-4,36%"
"03.03.2022","22.954,47","22.433,03","22.954,47","22.426,50","3,51M","1,67%"
"02.03.2022","22.578,15","21.715,33","22.578,15","21.715,33","","3,18%"
"25.02.2022","21.882,62","21.808,69","21.955,78","21.536,80","11,64M","0,46%"
"24.02.2022","21.782,10","21.861,97","21.861,97","21.300,63","","-2,48%"
"23.02.2022","22.336,34","22.308,43","22.682,13","22.288,55","11,24M","0,20%"
"22.02.2022","22.290,99","21.911,15","22.392,05","21.911,15","11,34M","1,80%"
"21.02.2022","21.897,56","21.989,81","22.240,15","21.887,70","7,28M","-0,31%"
"18.02.2022","21.966,64","22.020,13","22.249,51","21.954,91","10,26M","-0,06%"
"17.02.2022","21.979,11","22.311,46","22.346,11","21.992,11","9,96M","-2,26%"
"16.02.2022","22.487,04","22.135,85","22.418,73","22.240,72","11,19M","1,31%"
"15.02.2022","22.196,90","21.862,85","22.133,81","21.953,25","10,88M","1,79%"
"14.02.2022","21.807,59","21.862,41","21.913,05","21.757,80","9,62M","0,80%"
"11.02.2022","21.635,26","21.761,74","22.104,09","21.635,26","16,08M","0,30%"
"10.02.2022","21.570,44","21.328,34","21.847,10","21.328,34","12,41M","0,39%"
"09.02.2022","21.485,88","21.299,33","21.485,88","21.185,75","12,85M","0,67%"
"08.02.2022","21.343,72","21.168,32","21.343,72","21.054,68","9,31M","0,12%"
"07.02.2022","21.318,63","21.068,19","21.318,63","21.068,19","9,60M","1,16%"
"04.02.2022","21.074,14","21.067,15","21.099,78","20.706,64","10,54M","-0,15%"
"03.02.2022","21.105,65","21.132,62","21.219,22","20.978,31","10,16M","-0,81%"
"02.02.2022","21.278,45","21.443,10","21.466,65","21.085,00","11,06M","-0,83%"
"01.02.2022","21.457,11","20.934,78","21.457,11","21.236,06","10,45M","1,29%"
"31.01.2022","21.183,29","20.744,10","21.183,29","20.744,10","10,18M","1,87%"
"28.01.2022","20.794,52","20.929,03","20.940,33","20.650,88","12,77M","0,02%"
"27.01.2022","20.790,70","20.490,98","21.011,97","20.490,98","13,86M","1,41%"
"26.01.2022","20.501,00","20.050,30","20.747,19","20.050,30","14,69M","1,21%"
"25.01.2022","20.256,84","19.658,90","20.142,11","19.500,66","12,85M","3,00%"
"24.01.2022","19.666,24","20.027,79","20.027,79","19.420,13","11,88M","-1,64%"
"21.01.2022","19.993,60","20.143,44","20.183,06","19.922,37","11,86M","-0,33%"
"20.01.2022","20.060,67","19.649,14","20.286,81","19.649,14","12,65M","1,04%"
"19.01.2022","19.853,56","19.321,82","19.755,83","19.404,23","11,84M","3,74%"
"18.01.2022","19.137,54","19.321,60","19.383,88","19.137,54","10,37M","-0,90%"
"17.01.2022","19.311,15","19.320,75","19.423,05","19.272,10","6,36M","-0,09%"
"14.01.2022","19.328,43","19.103,99","19.345,13","18.977,70","10,79M","1,21%"
"13.01.2022","19.098,21","19.006,63","19.234,42","19.003,30","10,79M","-0,41%"
"12.01.2022","19.177,28","18.418,49","19.177,28","18.418,49","12,21M","3,11%"
"11.01.2022","18.598,27","17.970,39","18.598,27","17.970,39","11,57M","3,62%"
"10.01.2022","17.948,30","18.101,22","18.106,65","17.810,30","9,56M","-1,37%"
"07.01.2022","18.196,72","17.806,48","18.196,72","17.806,48","10,77M","2,08%"
"06.01.2022","17.826,41","17.838,61","17.924,59","17.708,09","11,04M","0,91%"
"05.01.2022","17.665,30","18.233,86","18.281,52","17.665,30","12,06M","-2,97%"
"04.01.2022","18.206,54","18.457,56","18.457,56","18.160,34","10,70M","-0,65%"
"03.01.2022","18.326,25","18.785,90","18.848,99","18.367,30","10,43M","-2,71%"
"30.12.2021","18.836,02","18.389,13","18.865,75","18.389,13","8,37M","3,03%"
"29.12.2021","18.281,21","18.582,18","18.582,18","18.343,99","6,09M","-1,84%"
"28.12.2021","18.623,13","18.551,49","18.722,02","18.518,45","6,83M","-0,64%"
"27.12.2021","18.743,04","18.551,49","18.743,04","18.501,24","6,75M","1,49%"
"23.12.2021","18.467,25","18.817,48","18.817,48","18.388,35","6,70M","-0,62%"
"22.12.2021","18.582,73","18.817,48","18.817,48","18.250,88","7,44M","1,31%"
"21.12.2021","18.343,26","18.817,48","18.817,48","18.306,65","8,04M","0,21%"
"20.12.2021","18.304,70","18.817,48","18.817,48","18.292,66","9,81M","-2,85%"
"17.12.2021","18.842,55","19.018,60","19.019,95","18.702,75","11,10M","-1,09%"
"16.12.2021","19.050,44","18.807,90","19.143,23","18.807,90","12,76M","0,73%"
"15.12.2021","18.911,94","18.794,24","18.942,24","18.606,65","12,66M","0,83%"
"14.12.2021","18.756,24","19.056,82","19.333,57","18.756,24","10,75M","-1,24%"
"13.12.2021","18.992,25","19.268,37","19.430,52","18.992,25","10,87M","-1,14%"
"10.12.2021","19.211,59","19.132,49","19.360,72","19.006,94","9,79M","0,91%"
"09.12.2021","19.038,07","19.381,20","19.456,20","19.038,07","10,00M","-2,54%"
"08.12.2021","19.534,66","19.068,82","19.534,66","19.068,82","11,99M","1,93%"
"07.12.2021","19.164,67","18.791,34","19.263,40","18.791,34","10,41M","1,58%"
"06.12.2021","18.866,72","18.620,79","18.885,62","18.475,09","5,92M","1,74%"
"03.12.2021","18.543,78","18.542,50","18.929,88","18.447,17","13,15M","0,23%"
"02.12.2021","18.502,04","17.849,98","18.502,04","17.849,98","14,85M","4,11%"
"01.12.2021","17.771,40","18.136,83","18.533,29","17.771,40","12,69M","-1,89%"
"30.11.2021","18.114,31","18.323,00","18.341,51","17.809,09","13,45M","-1,33%"
"29.11.2021","18.357,78","18.300,86","18.560,86","18.218,21","9,16M","0,49%"
"26.11.2021","18.268,95","18.656,25","18.942,36","18.169,80","10,33M","-4,01%"
"25.11.2021","19.031,64","18.656,25","19.090,75","18.656,25","7,37M","2,01%"
"24.11.2021","18.657,46","18.361,71","18.750,32","18.290,34","9,63M","0,84%"
"23.11.2021","18.501,49","18.290,31","18.501,49","18.022,38","12,40M","1,24%"
"22.11.2021","18.274,09","18.538,99","18.736,11","18.274,09","9,40M","-0,57%"
"19.11.2021","18.378,61","18.467,11","18.707,99","18.378,35","10,17M","-0,03%"
"18.11.2021","18.384,29","18.722,33","18.707,14","18.384,29","10,21M","-1,26%"
"17.11.2021","18.619,05","18.882,47","19.086,89","18.547,20","12,83M","-2,02%"
"16.11.2021","19.003,22","19.850,55","19.850,55","19.010,48","6,52M","-2,61%"
"12.11.2021","19.512,86","19.860,82","19.913,02","19.512,86","12,49M","-2,03%"
"11.11.2021","19.916,35","19.205,35","20.062,61","19.205,35","11,97M","3,62%"
"10.11.2021","19.219,72","19.205,35","19.677,45","19.205,35","11,42M","-0,14%"
"09.11.2021","19.246,22","18.487,57","19.412,64","18.487,57","10,39M","1,83%"
"08.11.2021","18.899,92","18.907,71","19.061,84","18.791,94","9,36M","-0,06%"
"05.11.2021","18.910,58","18.487,57","19.036,49","18.487,57","12,59M","2,46%"
"04.11.2021","18.456,88","18.638,49","18.883,49","18.384,43","12,08M","-2,95%"
"03.11.2021","19.017,39","18.618,94","19.017,39","18.389,27","14,70M","2,35%"
"01.11.2021","18.581,42","19.076,04","19.076,04","18.260,23","10,73M","1,18%"
"29.10.2021","18.364,05","19.076,04","19.076,04","18.330,81","12,60M","-1,91%"
"28.10.2021","18.720,77","18.838,38","18.987,26","18.645,93","11,50M","-2,47%"
"27.10.2021","19.195,82","19.076,04","19.443,50","19.051,88","10,83M","0,42%"
"26.10.2021","19.115,10","19.424,53","19.484,76","19.055,91","10,76M","-2,19%"
"25.10.2021","19.543,66","19.092,48","19.543,66","18.992,56","11,51M","3,89%"
"22.10.2021","18.812,48","19.092,48","19.092,48","18.009,48","21,17M","-1,14%"
"21.10.2021","19.029,74","19.934,69","19.934,69","18.737,93","16,51M","-3,84%"
"20.10.2021","19.790,53","19.936,50","20.160,73","19.790,53","11,74M","-0,16%"
"19.10.2021","19.822,81","20.733,54","20.611,04","19.804,95","14,13M","-4,48%"
"18.10.2021","20.753,42","21.034,55","21.034,55","20.446,93","11,20M","-1,17%"
"15.10.2021","21.000,10","20.586,60","21.058,28","20.586,60","11,17M","2,25%"
"14.10.2021","20.537,72","20.455,89","20.712,47","20.455,89","8,96M","-0,13%"
"13.10.2021","20.564,22","20.486,19","20.582,51","20.158,51","11,73M","1,55%"
"11.10.2021","20.249,54","20.486,19","20.665,68","20.249,54","10,28M","-1,17%"
"08.10.2021","20.489,79","20.057,75","20.729,14","20.057,75","12,87M","2,26%"
"07.10.2021","20.036,67","20.069,20","20.227,35","20.036,67","10,65M","-0,42%"
"06.10.2021","20.120,21","20.227,80","20.227,80","19.636,55","13,28M","-0,25%"
"05.10.2021","20.170,30","20.369,27","20.454,40","20.160,67","10,38M","-0,32%"
"04.10.2021","20.235,37","20.405,19","20.830,96","20.235,37","11,81M","-3,84%"
"01.10.2021","21.043,93","20.405,19","21.043,93","20.405,19","10,78M","3,20%"
"30.09.2021","20.391,57","20.513,78","20.660,99","20.361,62","13,16M","-0,62%"
"29.09.2021","20.519,29","20.318,21","20.682,02","20.318,21","11,37M","1,15%"
"28.09.2021","20.285,12","20.922,51","20.922,51","20.258,80","13,19M","-3,73%"
"27.09.2021","21.071,93","21.202,50","21.400,40","21.012,91","10,74M","-0,77%"
"24.09.2021","21.235,65","21.567,96","21.567,96","21.056,91","9,12M","-1,27%"
"23.09.2021","21.507,78","21.171,74","21.557,82","21.171,85","11,48M","1,30%"
"22.09.2021","21.231,00","20.787,29","21.471,70","20.787,29","12,16M","1,51%"
"21.09.2021","20.915,88","20.986,99","20.986,99","20.524,75","11,25M","2,86%"
"20.09.2021","20.334,48","20.986,99","20.986,99","20.162,79","10,53M","-3,81%"
"17.09.2021","21.140,20","22.235,71","22.235,71","20.934,63","10,39M","-2,19%"
"16.09.2021","21.614,26","22.235,71","22.235,71","21.562,84","8,16M","-1,97%"
"15.09.2021","22.049,39","22.235,71","22.235,71","21.826,35","9,46M","-0,58%"
"14.09.2021","22.177,15","21.916,79","22.442,26","22.162,70","9,03M","-0,62%"
"13.09.2021","22.315,38","21.916,79","22.429,51","21.903,35","9,25M","2,42%"
"10.09.2021","21.788,25","21.842,52","22.414,56","21.788,25","11,16M","-1,80%"
"09.09.2021","22.187,12","21.595,01","22.187,12","21.286,86","13,89M","4,07%"
"08.09.2021","21.320,20","22.768,58","22.768,58","21.320,20","12,25M","-6,48%"
"06.09.2021","22.797,47","22.625,43","22.797,47","22.438,19","5,11M","1,38%"
"03.09.2021","22.488,02","22.555,74","22.716,29","22.365,54","12,52M","-0,11%"
"02.09.2021","22.512,58","23.151,92","23.151,92","22.512,58","9,86M","-2,16%"
"01.09.2021","23.008,47","23.050,46","23.258,08","22.894,52","9,52M","-0,27%"
"31.08.2021","23.070,77","23.050,46","23.364,56","22.927,83","11,54M","-0,11%"
"30.08.2021","23.095,53","23.120,92","23.232,67","22.976,57","6,39M","-0,38%"
"27.08.2021","23.184,49","22.647,52","23.184,49","22.647,52","7,32M","2,57%"
"26.08.2021","22.604,62","23.003,21","23.006,21","22.603,59","8,43M","-2,49%"
"25.08.2021","23.182,02","23.065,45","23.182,02","22.876,59","7,52M","1,18%"
"24.08.2021","22.912,34","21.884,14","22.912,34","21.884,14","9,18M","4,94%"
"23.08.2021","21.834,27","21.999,89","22.065,04","21.807,38","7,85M","2,68%"
"19.08.2021","21.263,53","21.999,89","21.999,89","21.263,53","951,17K","-1,81%"
"18.08.2021","21.655,42","22.424,12","22.424,12","21.655,42","11,75M","-2,69%"
"17.08.2021","22.254,39","22.705,47","22.705,47","22.109,17","11,22M","-1,80%"
"16.08.2021","22.661,46","23.058,75","23.088,92","22.611,14","9,74M","-1,85%"
"13.08.2021","23.089,36","23.058,75","23.114,14","22.879,59","10,64M","0,52%"
"12.08.2021","22.970,31","23.469,21","23.469,21","22.970,31","11,07M","-1,78%"
"11.08.2021","23.387,59","23.313,60","23.603,73","23.232,81","8,69M","-0,52%"
"10.08.2021","23.509,06","23.313,60","23.656,46","23.313,60","8,30M","0,06%"
"09.08.2021","23.495,81","23.435,03","23.495,81","23.169,05","7,17M","0,06%"
"06.08.2021","23.481,46","23.256,30","23.572,54","23.243,87","7,50M","1,34%"
"05.08.2021","23.171,93","23.385,03","24.007,61","23.171,93","10,91M","-1,65%"
"04.08.2021","23.559,91","23.557,24","23.727,93","23.245,05","9,16M","-0,90%"
"03.08.2021","23.774,10","23.848,39","23.848,39","23.029,28","9,39M","0,36%"
"02.08.2021","23.688,04","23.784,92","24.241,58","23.688,04","8,57M","1,36%"
"30.07.2021","23.370,87","24.799,11","24.799,11","23.370,87","9,40M","-5,51%"
"29.07.2021","24.733,40","24.853,42","24.890,90","24.584,21","7,49M","0,21%"
"28.07.2021","24.681,54","24.120,83","24.681,54","24.120,83","9,04M","2,44%"
"27.07.2021","24.094,75","24.191,50","24.393,82","23.937,89","7,31M","-0,90%"
"26.07.2021","24.313,56","24.191,50","24.338,84","24.105,99","6,33M","1,14%"
"23.07.2021","24.038,67","23.982,04","24.413,16","23.982,04","6,05M","-0,87%"
"22.07.2021","24.250,11","23.982,04","24.326,10","23.982,04","6,48M","-0,11%"
"21.07.2021","24.276,68","23.905,19","24.276,68","23.851,95","7,15M","1,18%"
"20.07.2021","23.993,14","24.729,17","24.729,17","23.567,09","7,63M","1,25%"
"19.07.2021","23.696,00","24.729,17","24.729,17","23.727,63","9,21M","-4,98%"
"15.07.2021","24.938,69","25.240,10","25.292,44","24.889,66","7,42M","-1,51%"
"14.07.2021","25.320,23","24.760,25","25.478,59","24.760,25","9,21M","2,02%"
"13.07.2021","24.817,78","24.427,91","24.817,78","24.426,45","7,15M","0,53%"
"12.07.2021","24.688,01","23.950,41","24.688,01","23.950,41","7,42M","3,49%"
"08.07.2021","23.855,11","24.156,52","24.156,52","23.642,53","8,88M","-1,76%"
"07.07.2021","24.281,68","24.225,16","24.320,35","23.908,40","8,15M","1,01%"
"06.07.2021","24.039,37","25.012,19","25.012,19","24.039,37","7,65M","-3,50%"
"05.07.2021","24.911,68","25.108,75","25.152,77","24.911,68","5,26M","-1,27%"
"02.07.2021","25.230,89","25.108,75","25.388,74","24.989,91","7,43M","1,41%"
"01.07.2021","24.879,71","25.352,21","25.415,81","24.879,71","9,29M","-2,54%"
"30.06.2021","25.527,02","25.750,89","25.750,89","25.231,67","9,10M","-0,68%"
"29.06.2021","25.701,42","25.788,07","25.788,20","25.520,59","7,78M","-0,58%"
"28.06.2021","25.852,15","26.285,83","26.285,83","25.626,12","8,16M","0,28%"
"25.06.2021","25.779,29","26.285,83","26.371,46","25.751,34","9,36M","-2,18%"
"24.06.2021","26.353,63","25.660,00","26.353,63","25.660,00","7,24M","1,92%"
"23.06.2021","25.857,81","25.926,50","26.154,36","25.808,36","7,99M","-0,42%"
"22.06.2021","25.965,62","25.660,00","25.965,62","25.472,91","9,33M","0,73%"
"21.06.2021","25.776,43","25.711,66","25.776,43","25.422,99","7,33M","1,33%"
"18.06.2021","25.436,88","25.711,66","25.711,66","25.362,82","6,55M","-0,16%"
"17.06.2021","25.478,38","25.711,66","25.801,73","25.388,32","6,24M","-1,16%"
"15.06.2021","25.776,94","25.711,66","25.776,94","25.419,53","7,21M","0,24%"
"14.06.2021","25.715,26","25.711,66","25.854,25","25.530,26","8,16M","1,67%"
"11.06.2021","25.294,04","25.711,66","25.711,66","25.140,24","7,75M","-1,43%"
"09.06.2021","25.660,09","25.711,66","25.903,46","25.586,60","9,83M","-0,46%"
"08.06.2021","25.778,00","25.900,40","25.905,02","25.598,77","10,35M","-0,94%"
"07.06.2021","26.021,84","25.685,50","26.021,84","25.647,26","6,66M","0,96%"
"04.06.2021","25.773,86","24.843,71","25.773,86","24.843,71","9,81M","0,95%"
"02.06.2021","25.530,94","24.843,71","25.530,94","24.843,71","12,78M","2,54%"
"01.06.2021","24.897,52","24.126,16","24.897,52","24.126,16","12,50M","2,99%"
"31.05.2021","24.175,09","24.019,82","24.175,09","23.996,42","5,95M","0,59%"
"28.05.2021","24.033,64","23.804,97","24.059,72","23.789,14","8,85M","2,09%"
"27.05.2021","23.540,90","23.469,50","23.573,09","23.371,25","13,14M","0,86%"
"26.05.2021","23.340,89","23.317,75","23.374,78","23.136,27","8,26M","1,19%"
"25.05.2021","23.066,39","23.317,75","23.466,79","23.066,39","8,91M","-1,14%"
"24.05.2021","23.331,75","23.121,43","23.343,17","23.034,57","8,19M","1,05%"
"19.05.2021","23.088,60","23.387,45","23.387,45","23.022,43","8,83M","-1,24%"
"18.05.2021","23.377,55","23.306,11","23.495,43","23.306,11","7,84M","0,29%"
"17.05.2021","23.309,73","23.129,38","23.332,04","23.067,82","7,41M","0,77%"
"14.05.2021","23.131,67","22.859,58","23.189,02","22.859,58","10,14M","1,74%"
"13.05.2021","22.736,09","22.548,75","22.871,79","22.548,75","","0,90%"
"12.05.2021","22.533,65","23.467,74","23.490,16","22.533,65","9,41M","-4,30%"
"11.05.2021","23.547,30","23.343,83","23.547,30","22.929,83","7,99M","0,96%"
"10.05.2021","23.322,49","22.198,93","23.510,15","22.198,93","8,22M","0,85%"
"07.05.2021","23.126,52","22.198,93","23.204,44","22.198,93","5,64M","1,70%"
"06.05.2021","22.740,87","22.198,93","22.740,87","22.198,93","8,78M","1,86%"
"05.05.2021","22.324,70","22.042,76","22.324,70","21.855,09","9,06M","3,24%"
"04.05.2021","21.624,32","22.042,76","22.042,76","21.583,99","8,77M","-1,36%"
"03.05.2021","21.923,17","22.376,68","22.376,68","21.916,66","8,89M","0,25%"
"30.04.2021","21.869,15","22.376,68","22.376,68","21.869,15","11,09M","-2,63%"
"29.04.2021","22.460,45","22.417,60","22.643,85","22.309,31","8,50M","-0,79%"
"28.04.2021","22.639,33","21.939,74","22.639,33","21.939,74","9,08M","3,40%"
"27.04.2021","21.895,07","22.103,11","22.237,55","21.868,36","8,36M","-1,33%"
"26.04.2021","22.189,54","22.002,83","22.249,39","21.968,40","7,10M","0,80%"
"23.04.2021","22.012,61","21.718,22","22.054,14","21.718,22","7,62M","0,49%"
"22.04.2021","21.904,83","21.727,17","22.013,47","21.687,50","8,60M","1,55%"
"20.04.2021","21.570,21","21.692,92","21.960,51","21.570,21","7,81M","-1,00%"
"19.04.2021","21.788,88","21.466,29","21.881,13","21.466,29","10,03M","0,52%"
"16.04.2021","21.675,67","21.466,29","21.675,67","21.341,37","7,95M","0,84%"
"15.04.2021","21.495,15","21.129,50","21.592,21","21.129,50","7,95M","1,01%"
"14.04.2021","21.279,79","20.908,11","21.279,79","20.908,11","10,08M","1,95%"
"13.04.2021","20.873,65","20.999,95","20.999,95","20.687,92","8,98M","0,72%"
"12.04.2021","20.724,90","20.847,42","21.000,37","20.724,90","7,00M","0,05%"
"09.04.2021","20.715,43","21.198,80","21.198,80","20.715,43","7,74M","-2,41%"
"08.04.2021","21.227,81","21.057,63","21.295,04","21.050,69","8,78M","1,32%"
"07.04.2021","20.951,08","20.886,08","21.179,29","20.886,08","8,54M","-0,16%"
"06.04.2021","20.985,69","20.989,36","21.113,16","20.928,02","6,80M","1,23%"
"05.04.2021","20.730,01","20.475,79","20.799,29","20.374,08","7,25M","2,77%"
"01.04.2021","20.171,22","20.475,79","20.598,43","20.171,22","8,01M","-2,51%"
"31.03.2021","20.689,82","20.273,72","20.689,82","20.273,72","10,66M","2,29%"
"30.03.2021","20.227,57","19.926,74","20.315,44","19.926,74","8,14M","1,36%"
"29.03.2021","19.956,89","20.104,64","20.104,64","19.699,18","7,46M","-0,06%"
"26.03.2021","19.968,96","20.104,64","20.235,57","19.865,59","8,66M","-0,88%"
"25.03.2021","20.147,16","20.256,06","20.256,06","19.605,63","10,31M","1,11%"
"24.03.2021","19.926,24","20.615,53","20.754,57","19.926,24","9,83M","-2,91%"
"23.03.2021","20.523,08","20.805,41","21.038,97","20.523,08","8,30M","-1,74%"
"22.03.2021","20.885,69","21.102,12","21.102,12","20.559,78","8,16M","-1,39%"
"19.03.2021","21.181,06","20.703,32","21.181,06","20.703,32","12,34M","2,61%"
"18.03.2021","20.642,34","20.601,53","21.048,29","20.601,53","9,92M","-0,85%"
"17.03.2021","20.820,02","20.402,41","20.820,02","20.049,86","9,43M","2,72%"
"16.03.2021","20.269,46","20.402,41","20.588,09","20.269,46","7,80M","-0,86%"
"15.03.2021","20.445,35","20.507,77","20.507,77","20.187,41","8,22M","-0,57%"
"12.03.2021","20.562,77","20.711,08","20.711,08","20.399,35","8,11M","-0,88%"
"11.03.2021","20.745,90","19.633,69","20.745,90","19.633,69","11,38M","4,34%"
"10.03.2021","19.883,01","19.291,45","19.883,01","19.149,21","11,80M","3,82%"
"09.03.2021","19.151,23","19.291,45","19.291,45","18.726,04","11,43M","0,69%"
"08.03.2021","19.020,39","20.259,25","20.259,25","19.020,39","12,79M","-6,23%"
"05.03.2021","20.284,64","19.622,29","20.312,25","19.622,29","12,23M","2,40%"
"04.03.2021","19.809,03","19.622,29","20.433,80","19.622,29","12,28M","0,16%"
"03.03.2021","19.777,83","19.622,29","19.777,83","18.743,15","14,10M","0,40%"
"02.03.2021","19.698,52","19.762,91","19.780,44","18.881,58","14,04M","0,44%"
"01.03.2021","19.612,21","19.899,41","20.142,07","19.612,21","10,50M","-0,35%"
"26.02.2021","19.682,06","20.562,73","20.562,73","19.682,06","11,77M","-4,32%"
"25.02.2021","20.571,51","21.350,48","21.350,48","20.571,51","8,59M","-3,65%"
"24.02.2021","21.349,74","21.149,22","21.450,01","21.149,22","10,39M","0,83%"
"23.02.2021","21.174,32","20.472,39","21.176,92","20.472,39","14,17M","2,53%"
"22.02.2021","20.652,37","21.957,05","21.957,05","20.286,03","20,72M","-6,16%"
"19.02.2021","22.008,54","21.979,49","22.116,87","21.860,47","9,70M","0,37%"
"18.02.2021","21.928,01","22.234,66","22.283,05","21.853,33","9,95M","-1,59%"
"17.02.2021","22.282,08","22.249,12","22.282,08","21.961,12","7,57M","0,55%"
"12.02.2021","22.160,20","22.249,12","22.257,12","21.959,64","6,38M","0,06%"
"11.02.2021","22.145,91","21.925,97","22.432,44","21.925,97","7,03M","0,67%"
"10.02.2021","21.998,65","22.038,70","22.166,33","21.839,00","7,87M","-0,84%"
"09.02.2021","22.184,59","22.304,64","22.304,64","21.812,51","7,42M","-0,69%"
"08.02.2021","22.339,79","22.316,96","22.518,71","22.201,11","8,06M","0,00%"
"05.02.2021","22.338,77","22.124,63","22.479,78","22.124,63","7,79M","1,83%"
"04.02.2021","21.937,78","22.413,79","22.413,79","21.937,78","7,52M","-1,44%"
"03.02.2021","22.258,01","21.020,42","22.504,14","21.020,42","7,85M","0,78%"
"02.02.2021","22.086,38","21.020,42","22.240,09","21.020,42","11,03M","2,37%"
"01.02.2021","21.575,52","21.020,42","21.585,56","21.020,42","7,68M","2,59%"
"29.01.2021","21.031,08","21.902,84","21.902,84","20.998,48","9,59M","-3,94%"
"28.01.2021","21.893,58","21.532,25","21.990,42","21.323,16","11,37M","2,24%"
"27.01.2021","21.414,43","21.623,76","21.895,98","21.347,22","11,30M","-1,37%"
"26.01.2021","21.711,71","22.256,86","22.256,86","21.557,97","9,95M","1,02%"
"22.01.2021","21.493,32","22.256,86","22.256,86","21.384,82","8,65M","-2,50%"
"21.01.2021","22.045,50","22.559,90","22.619,04","22.045,50","7,43M","-2,28%"
"20.01.2021","22.559,08","22.789,34","22.903,25","22.392,34","7,23M","0,05%"
"19.01.2021","22.546,73","22.971,81","23.068,10","22.527,25","7,34M","-1,49%"
"18.01.2021","22.887,34","22.833,61","23.224,92","22.801,60","6,35M","0,64%"
"15.01.2021","22.742,04","23.468,77","23.468,77","22.742,04","8,26M","-4,17%"
"14.01.2021","23.730,95","22.697,04","23.730,95","22.697,04","8,32M","3,09%"
"13.01.2021","23.018,63","22.697,04","23.373,97","22.697,04","9,05M","-1,45%"
"12.01.2021","23.357,21","22.426,33","23.357,21","22.426,33","8,00M","4,26%"
"11.01.2021","22.403,82","23.301,44","23.301,44","22.289,95","8,70M","-2,96%"
"08.01.2021","23.086,24","22.589,88","23.131,81","22.589,57","11,09M","2,05%"
"07.01.2021","22.621,75","22.014,95","22.679,18","22.014,52","11,77M","0,61%"
"06.01.2021","22.484,43","22.991,73","22.991,73","22.362,89","10,82M","-0,57%"
"05.01.2021","22.612,27","22.991,73","22.991,73","21.920,67","8,51M","0,77%"
"04.01.2021","22.438,97","22.470,98","22.289,26","22.721,98","8,74M","-2,25%"
"30.12.2020","22.955,51","22.991,73","23.123,08","22.886,28","6,25M","0,06%"
"29.12.2020","22.941,80","22.741,68","23.078,57","22.741,68","6,24M","1,09%"
"28.12.2020","22.694,37","22.748,97","22.757,48","22.488,72","6,68M","0,20%"
"23.12.2020","22.648,42","22.662,32","22.869,18","22.545,36","5,93M","0,33%"
"22.12.2020","22.573,08","23.150,43","23.150,43","22.470,38","6,14M","0,08%"
"21.12.2020","22.554,55","23.150,43","23.150,43","22.249,16","8,85M","-3,07%"
"18.12.2020","23.267,80","23.395,49","23.415,15","23.206,14","4,58M","-0,23%"
"17.12.2020","23.321,51","22.791,28","23.520,34","22.791,28","7,03M","0,57%"
"16.12.2020","23.189,14","22.791,28","23.189,14","22.623,60","9,19M","1,44%"
"15.12.2020","22.858,94","22.663,41","22.858,94","22.489,97","7,48M","1,89%"
"14.12.2020","22.435,52","22.716,17","22.886,20","22.435,52","7,46M","-1,32%"
"11.12.2020","22.735,34","22.112,64","22.793,04","22.112,64","7,76M","-0,84%"
"10.12.2020","22.927,76","22.112,64","22.927,76","22.112,64","11,12M","4,93%"
"09.12.2020","21.851,43","22.351,12","22.351,12","21.851,43","7,68M","-1,60%"
"08.12.2020","22.206,38","22.267,26","22.465,55","22.158,99","8,23M","0,19%"
"07.12.2020","22.164,23","22.002,03","22.451,78","22.002,03","9,03M","0,12%"
"04.12.2020","22.138,43","21.754,34","22.138,43","21.720,26","8,26M","1,83%"
"03.12.2020","21.739,96","21.406,76","21.964,26","21.406,76","10,81M","1,79%"
"02.12.2020","21.356,84","20.677,16","21.491,24","20.677,16","9,01M","-0,02%"
"01.12.2020","21.360,97","20.677,16","21.360,97","20.631,12","10,64M","4,90%"
"30.11.2020","20.362,24","20.677,16","20.808,77","20.362,24","10,39M","-1,76%"
"27.11.2020","20.727,81","20.721,61","20.865,13","20.595,47","8,31M","0,26%"
"26.11.2020","20.673,91","20.584,75","20.717,20","20.569,28","5,69M","-0,28%"
"25.11.2020","20.731,24","20.319,14","20.731,24","20.319,14","8,05M","1,35%"
"24.11.2020","20.455,73","19.950,56","20.455,73","19.870,18","11,32M","3,47%"
"23.11.2020","19.770,30","19.822,89","19.972,38","19.703,92","9,11M","0,60%"
"20.11.2020","19.652,09","20.004,10","20.004,10","19.652,09","6,63M","-2,35%"
"19.11.2020","20.124,51","20.050,11","20.124,51","19.793,22","8,06M","1,57%"
"18.11.2020","19.812,87","19.874,27","20.305,19","19.812,87","9,59M","-1,55%"
"17.11.2020","20.124,43","19.094,31","20.124,43","19.094,31","9,57M","2,66%"
"16.11.2020","19.602,89","19.094,31","19.652,81","19.094,31","11,01M","2,32%"
"13.11.2020","19.158,39","18.952,22","19.158,39","18.689,60","9,08M","2,16%"
"12.11.2020","18.752,81","19.404,23","19.416,25","18.752,81","9,87M","-3,36%"
"11.11.2020","19.405,29","19.569,18","19.569,18","19.280,82","10,25M","-0,03%"
"10.11.2020","19.411,39","19.599,80","19.697,94","19.268,51","15,79M","1,00%"
"09.11.2020","19.220,02","18.744,47","18.744,47","19.522,92","17,41M","2,16%"
"06.11.2020","18.812,82","18.780,28","18.846,22","18.609,99","8,38M","3,17%"
"05.11.2020","18.235,55","17.714,54","18.266,36","17.714,44","10,46M","5,83%"
"04.11.2020","17.231,68","16.873,48","17.267,39","16.861,78","9,86M","2,95%"
"03.11.2020","16.737,76","16.282,16","16.936,53","16.282,16","9,45M","2,31%"
"30.10.2020","16.359,89","16.709,99","16.734,60","16.211,39","10,64M","-2,11%"
"29.10.2020","16.712,61","16.502,58","16.730,97","16.159,64","12,70M","0,84%"
"28.10.2020","16.574,19","17.632,91","17.632,91","16.638,24","11,05M","-0,14%"
"27.10.2020","16.597,13","17.333,10","17.333,10","16.597,13","11,05M","-7,62%"
"26.10.2020","17.965,75","18.045,38","18.071,76","17.712,76","8,07M","-0,33%"
"23.10.2020","18.025,77","18.142,90","18.196,28","18.013,06","7,56M","-1,10%"
"22.10.2020","18.226,77","17.955,89","18.278,64","17.955,89","9,56M","1,57%"
"21.10.2020","17.945,69","17.613,20","18.140,34","17.613,20","8,66M","0,05%"
"20.10.2020","17.937,04","17.613,20","18.042,74","17.613,20","8,80M","1,95%"
"19.10.2020","17.593,48","17.486,72","17.836,94","17.486,72","9,93M","1,03%"
"16.10.2020","17.414,63","17.635,94","17.639,97","17.414,63","7,84M","-1,29%"
"15.10.2020","17.642,70","17.842,60","17.842,60","17.408,79","8,34M","-0,67%"
"14.10.2020","17.761,12","17.635,54","17.886,22","17.635,54","8,89M","0,44%"
"13.10.2020","17.683,09","17.600,42","17.724,50","17.426,91","7,87M","0,36%"
"09.10.2020","17.619,96","17.426,09","17.809,57","17.426,09","10,81M","0,77%"
"08.10.2020","17.484,88","17.055,19","17.484,88","16.999,95","11,16M","2,79%"
"07.10.2020","17.010,26","17.322,02","17.322,02","16.939,34","9,83M","-0,48%"
"06.10.2020","17.092,73","17.069,82","17.646,06","17.069,82","11,30M","-0,84%"
"05.10.2020","17.237,89","16.866,58","17.296,19","16.860,27","8,62M","4,21%"
"02.10.2020","16.541,86","16.917,62","17.003,02","16.541,86","8,58M","-2,22%"
"01.10.2020","16.917,72","16.762,79","16.919,10","16.584,70","9,24M","0,32%"
"30.09.2020","16.863,64","16.557,71","16.903,97","16.557,71","9,45M","1,63%"
"29.09.2020","16.593,73","17.427,89","17.427,89","16.526,27","8,74M","-0,74%"
"28.09.2020","16.717,82","17.427,89","17.602,54","16.717,82","10,51M","-4,18%"
"25.09.2020","17.447,18","17.310,38","17.447,18","17.181,10","7,35M","-0,90%"
"24.09.2020","17.605,26","17.310,38","17.605,26","17.170,34","9,33M","2,92%"
"23.09.2020","17.106,04","17.818,73","17.818,73","17.106,04","8,83M","-3,67%"
"22.09.2020","17.758,67","17.818,73","17.982,09","17.743,91","7,28M","-0,96%"
"21.09.2020","17.931,00","18.584,94","18.584,94","17.603,03","9,05M","-1,67%"
"18.09.2020","18.235,39","18.976,08","18.976,08","18.235,39","11,37M","-4,55%"
"17.09.2020","19.105,19","18.976,08","19.105,19","18.742,56","7,86M","0,32%"
"16.09.2020","19.044,97","19.024,09","19.164,48","18.974,03","7,14M","0,21%"
"15.09.2020","19.005,89","18.928,04","19.147,49","18.900,42","9,22M","-0,06%"
"14.09.2020","19.016,59","18.673,54","19.016,59","18.567,44","8,18M","2,81%"
"11.09.2020","18.497,32","18.673,54","18.815,23","18.497,32","9,11M","-0,45%"
"10.09.2020","18.581,42","19.105,07","19.183,16","18.581,42","8,89M","-2,63%"
"09.09.2020","19.083,80","18.634,14","19.159,15","18.634,14","7,96M","2,24%"
"08.09.2020","18.665,08","18.980,10","18.980,10","18.507,96","8,48M","-2,22%"
"04.09.2020","19.088,70","18.980,10","19.223,68","18.727,62","11,33M","0,29%"
"03.09.2020","19.033,65","18.965,46","19.449,73","18.795,01","12,61M","-0,21%"
"02.09.2020","19.074,65","19.016,56","19.135,36","18.772,08","7,56M","0,70%"
"01.09.2020","18.942,73","18.166,23","19.029,50","18.166,23","9,38M","4,67%"
"31.08.2020","18.098,21","17.985,91","18.670,66","17.985,91","12,23M","-4,45%"
"28.08.2020","18.941,13","17.985,91","18.719,85","17.985,91","7,67M","4,80%"
"27.08.2020","18.073,84","18.238,42","18.238,42","17.847,52","6,05M","0,76%"
"26.08.2020","17.937,13","18.238,42","18.414,58","17.846,63","9,86M","-3,22%"
"25.08.2020","18.534,82","18.283,56","18.534,82","18.149,93","8,17M","1,66%"
"24.08.2020","18.232,65","18.094,97","18.271,32","18.094,93","7,72M","0,92%"
"21.08.2020","18.066,86","18.055,87","18.074,78","17.869,53","9,10M","-1,06%"
"20.08.2020","18.260,13","18.149,46","18.310,74","17.839,66","9,40M","0,58%"
"19.08.2020","18.154,50","18.676,40","18.676,40","18.154,50","10,03M","-2,48%"
"18.08.2020","18.616,41","18.824,21","18.824,21","18.223,52","7,52M","3,00%"
"17.08.2020","18.074,57","18.824,21","18.824,21","18.074,57","10,82M","-3,32%"
"14.08.2020","18.694,89","18.824,21","18.890,41","18.654,07","8,58M","-0,11%"
"13.08.2020","18.714,72","19.023,52","19.231,92","18.663,76","10,72M","-0,49%"
"12.08.2020","18.807,78","18.824,21","18.904,77","18.461,41","10,11M","-0,89%"
"11.08.2020","18.975,82","18.955,02","19.235,60","18.823,90","9,36M","0,60%"
"10.08.2020","18.862,96","18.955,02","19.233,86","18.781,32","8,26M","-0,20%"
"07.08.2020","18.900,55","19.485,68","19.485,68","18.803,87","10,34M","-3,23%"
"06.08.2020","19.531,91","19.485,68","19.564,48","19.240,94","9,69M","0,57%"
"05.08.2020","19.421,84","20.110,05","20.110,05","19.187,16","10,92M","1,52%"
"04.08.2020","19.131,98","20.110,05","20.110,05","18.754,47","12,03M","-1,02%"
"03.08.2020","19.328,21","19.343,80","19.522,45","19.229,40","10,90M","-1,92%"
"31.07.2020","19.707,06","20.110,05","20.270,65","19.707,06","12,93M","-3,26%"
"30.07.2020","20.370,26","20.485,97","20.486,28","20.159,06","9,59M","-0,06%"
"29.07.2020","20.381,58","20.110,05","20.569,30","20.110,05","9,24M","1,08%"
"28.07.2020","20.164,45","19.808,25","20.216,49","19.808,25","9,09M","-0,58%"
"27.07.2020","20.282,67","19.808,25","20.282,67","19.732,96","9,62M","3,63%"
"24.07.2020","19.572,45","19.808,25","19.808,25","19.343,83","9,80M","-0,22%"
"23.07.2020","19.614,64","18.719,80","20.322,88","18.719,80","10,37M","-3,74%"
"22.07.2020","20.376,81","18.719,80","20.542,01","18.719,80","10,83M","1,11%"
"21.07.2020","20.152,57","18.719,80","20.171,24","18.719,80","11,11M","2,96%"
"20.07.2020","19.573,27","18.719,80","19.573,27","18.719,80","8,93M","2,50%"
"17.07.2020","19.096,70","18.719,80","19.253,99","18.719,80","10,43M","1,33%"
"16.07.2020","18.845,19","18.719,80","19.007,41","18.702,65","8,13M","-0,59%"
"15.07.2020","18.957,17","18.719,80","19.091,99","18.719,80","9,29M","1,27%"
"14.07.2020","18.719,64","18.719,80","18.719,80","18.107,07","10,02M","2,54%"
"13.07.2020","18.255,93","18.719,80","18.858,95","18.255,93","10,38M","-2,67%"
"10.07.2020","18.757,49","18.657,02","18.757,49","18.478,62","9,15M","1,07%"
"09.07.2020","18.558,05","18.657,02","18.913,99","18.558,05","9,47M","-0,67%"
"08.07.2020","18.683,84","18.150,38","18.694,88","18.150,38","9,14M","2,92%"
"07.07.2020","18.154,15","18.150,38","18.558,29","18.150,38","8,95M","-1,73%"
"06.07.2020","18.474,28","18.150,38","18.699,83","18.150,38","9,49M","1,43%"
"03.07.2020","18.213,70","18.150,38","18.213,70","17.951,45","5,35M","1,45%"
"02.07.2020","17.953,44","17.593,75","18.457,27","17.593,75","10,06M","-0,45%"
"01.07.2020","18.035,43","17.593,75","18.053,86","17.593,75","6,94M","3,73%"
"30.06.2020","17.387,51","17.593,75","17.593,75","17.314,98","10,14M","-1,83%"
"29.06.2020","17.711,38","15.642,46","17.711,38","15.642,46","8,91M","3,44%"
"26.06.2020","17.121,67","15.642,46","17.571,17","15.642,46","8,44M","-4,30%"
"25.06.2020","17.890,27","15.642,46","18.066,42","15.642,46","8,70M","1,33%"
"24.06.2020","17.655,64","15.642,46","18.305,48","15.642,46","8,47M","-5,19%"
"23.06.2020","18.621,49","15.642,46","18.668,24","15.642,46","9,75M","2,72%"
"22.06.2020","18.128,15","15.642,46","18.550,44","15.642,46","8,26M","-0,08%"
"19.06.2020","18.142,04","15.642,46","18.245,47","15.642,46","9,54M","1,54%"
"18.06.2020","17.867,14","15.642,46","18.164,21","15.642,46","10,01M","-2,15%"
"17.06.2020","18.260,00","15.642,46","18.404,97","15.642,46","11,13M","2,30%"
"16.06.2020","17.849,63","15.642,46","18.568,13","18.016,47","12,03M","-0,38%"
"15.06.2020","17.917,51","15.642,46","17.948,53","15.642,46","13,32M","-2,51%"
"12.06.2020","18.378,03","15.642,46","18.802,64","15.642,46","12,79M","-3,50%"
"10.06.2020","19.044,22","15.642,46","19.973,37","15.642,46","11,74M","-3,52%"
"09.06.2020","19.738,95","15.642,46","19.906,69","15.642,46","11,28M","-2,57%"
"08.06.2020","20.260,33","15.642,46","20.260,33","15.642,46","11,10M","6,20%"
"05.06.2020","19.078,12","15.642,46","19.561,52","15.642,46","13,32M","4,07%"
"04.06.2020","18.331,44","15.642,46","18.444,65","15.642,46","11,49M","-0,11%"
"03.06.2020","18.351,58","15.642,46","18.552,77","15.642,46","15,14M","4,90%"
"02.06.2020","17.495,12","15.642,46","17.310,86","15.642,46","11,83M","5,92%"
"01.06.2020","16.517,26","15.642,46","16.597,87","15.642,46","9,85M","0,89%"
"29.05.2020","16.372,12","15.642,46","16.372,12","15.642,46","16,55M","1,80%"
"28.05.2020","16.083,36","15.642,46","16.496,68","15.642,46","10,12M","-3,55%"
"27.05.2020","16.676,06","15.642,46","16.676,06","15.642,46","11,21M","4,40%"
"26.05.2020","15.972,66","15.642,46","16.262,73","15.642,46","12,03M","1,49%"
"25.05.2020","15.737,99","14.822,82","15.737,99","14.822,82","8,76M","7,92%"
"22.05.2020","14.582,99","14.822,82","14.822,82","14.596,31","1,81M","-2,53%"
"21.05.2020","14.961,31","15.320,86","15.320,86","14.517,54","11,40M","4,71%"
"20.05.2020","14.288,25","15.320,86","15.320,86","14.174,29","9,52M","1,81%"
"19.05.2020","14.034,21","15.320,86","15.320,86","14.034,21","10,74M","-1,19%"
"18.05.2020","14.202,99","15.320,86","15.320,86","13.521,48","11,53M","7,17%"
"15.05.2020","13.252,55","15.320,86","15.320,86","13.252,55","11,72M","-2,52%"
"14.05.2020","13.594,54","15.320,86","15.320,86","12.750,89","13,82M","2,86%"
"13.05.2020","13.216,44","15.320,86","15.320,86","13.073,06","11,58M","-1,69%"
"12.05.2020","13.443,47","15.320,86","15.320,86","13.443,47","7,98M","-1,04%"
"11.05.2020","13.584,16","15.320,86","15.320,86","13.584,16","9,78M","-3,16%"
"08.05.2020","14.027,39","15.320,86","15.320,86","13.556,97","10,73M","4,79%"
"07.05.2020","13.386,78","15.320,86","15.320,86","13.376,07","13,81M","-3,26%"
"06.05.2020","13.838,28","15.320,86","15.320,86","13.773,74","9,78M","-2,91%"
"05.05.2020","14.252,93","15.320,86","15.320,86","14.252,78","9,15M","0,17%"
"04.05.2020","14.229,36","15.320,86","15.320,86","13.911,27","8,59M","-3,10%"
"30.04.2020","14.684,69","15.320,86","15.326,79","14.684,69","11,80M","-5,76%"
"29.04.2020","15.582,78","15.582,78","15.399,83","14.873,83","11,72M","5,50%"
"28.04.2020","14.770,88","14.873,83","14.873,83","14.053,07","12,94M","6,68%"
"27.04.2020","13.846,55","14.873,83","14.873,83","13.367,15","10,66M","8,12%"
"24.04.2020","12.806,13","14.873,83","14.873,83","12.806,13","6,80M","-11,01%"
"23.04.2020","14.390,81","14.873,83","15.044,43","14.390,81","10,82M","-2,66%"
"22.04.2020","14.784,36","14.873,83","15.078,42","14.667,77","9,85M","-0,47%"
"20.04.2020","14.853,44","14.856,42","15.066,58","14.471,65","8,87M","-1,54%"
"17.04.2020","15.085,13","14.861,15","15.248,64","14.849,12","8,32M","1,55%"
"16.04.2020","14.855,25","14.873,83","15.307,55","14.789,16","9,03M","-1,21%"
"15.04.2020","15.037,14","14.873,83","15.223,55","14.750,09","9,76M","-2,84%"
"14.04.2020","15.477,40","14.873,83","15.750,17","14.873,83","8,59M","-0,03%"
"13.04.2020","15.481,75","15.274,34","15.820,66","15.274,34","7,65M","1,78%"
"09.04.2020","15.210,88","15.398,42","15.748,50","15.166,80","10,75M","-0,96%"
"08.04.2020","15.357,72","14.873,83","15.357,72","14.604,67","10,21M","5,10%"
"07.04.2020","14.611,89","14.873,83","15.294,76","14.188,19","11,29M","4,23%"
"06.04.2020","14.019,54","14.873,83","14.873,83","13.257,52","9,69M","7,87%"
"03.04.2020","12.996,21","14.873,83","14.873,83","12.802,50","10,41M","-5,49%"
"02.04.2020","13.750,51","14.873,83","14.873,83","13.478,36","10,54M","1,80%"
"01.04.2020","13.507,81","14.873,83","13.933,62","13.276,69","10,09M","-3,69%"
"31.03.2020","14.025,80","14.873,83","14.873,83","13.925,30","11,14M","-2,40%"
"30.03.2020","14.371,43","14.138,68","14.523,59","14.091,23","9,03M","-0,18%"
"27.03.2020","14.397,94","14.873,83","15.206,12","14.296,05","10,30M","-6,85%"
"26.03.2020","15.457,22","14.873,83","15.768,00","14.983,45","12,76M","3,93%"
"25.03.2020","14.873,16","14.873,83","15.130,95","13.680,39","12,95M","8,77%"
"24.03.2020","13.674,56","12.473,41","14.028,76","12.473,41","11,68M","10,70%"
"23.03.2020","12.353,21","14.873,83","14.873,83","12.236,97","11,96M","-6,90%"
"20.03.2020","13.268,71","14.873,83","14.873,83","13.160,57","15,15M","-1,05%"
"19.03.2020","13.409,70","13.125,34","13.751,07","12.106,39","16,14M","2,36%"
"18.03.2020","13.100,22","14.604,49","14.604,49","12.444,53","16,75M","-12,07%"
"17.03.2020","14.898,42","14.211,64","15.425,00","14.132,76","14,95M","4,67%"
"16.03.2020","14.233,04","16.512,32","16.512,32","14.170,40","12,85M","-16,37%"
"13.03.2020","17.018,92","14.948,85","17.241,15","14.948,85","15,77M","12,34%"
"12.03.2020","15.149,77","17.763,14","17.763,14","14.295,20","12,01M","-14,38%"
"11.03.2020","17.693,85","19.154,51","19.154,51","16.784,84","11,79M","-10,92%"
"10.03.2020","19.863,11","18.539,79","19.866,51","18.539,79","13,53M","9,00%"
"09.03.2020","18.222,61","20.745,29","20.745,29","18.182,90","14,65M","-13,96%"
"06.03.2020","21.179,79","22.094,82","22.094,82","20.939,69","11,86M","-4,55%"
"05.03.2020","22.189,40","23.271,02","23.271,02","21.821,06","8,60M","-5,12%"
"04.03.2020","23.387,40","23.020,10","23.514,93","22.911,45","8,41M","0,04%"
"03.03.2020","23.377,89","23.620,05","24.101,45","23.127,06","9,39M","-1,91%"
"02.03.2020","23.832,23","23.303,42","23.965,14","23.196,08","8,86M","2,34%"
"28.02.2020","23.287,41","23.021,83","23.287,41","22.343,90","11,23M","1,44%"
"27.02.2020","22.956,14","23.564,05","23.774,84","22.956,14","10,36M","-3,37%"
"26.02.2020","23.755,85","25.537,40","25.537,40","23.606,31","","-8,27%"
"21.02.2020","25.898,49","26.104,33","26.104,33","25.666,09","5,90M","-0,70%"
"20.02.2020","26.082,04","26.521,66","26.529,59","26.034,90","6,79M","-2,29%"
"19.02.2020","26.694,22","26.342,39","26.700,57","26.294,77","6,33M","1,13%"
"18.02.2020","26.396,97","26.473,18","26.473,18","26.065,17","5,11M","-0,94%"
"17.02.2020","26.648,74","26.434,33","26.738,24","26.434,33","3,96M","0,12%"
"14.02.2020","26.616,26","26.914,58","26.914,58","26.558,47","5,34M","0,10%"
"13.02.2020","26.590,28","26.819,55","26.819,55","26.392,17","5,64M","-0,75%"
"12.02.2020","26.792,08","26.492,88","27.000,31","26.492,88","7,18M","0,59%"
"11.02.2020","26.634,64","25.988,96","26.682,11","25.988,96","6,77M","2,33%"
"10.02.2020","26.029,02","26.306,73","26.400,40","25.928,23","7,49M","-1,16%"
"07.02.2020","26.333,89","26.662,49","26.662,49","26.333,62","6,59M","-2,10%"
"06.02.2020","26.899,72","27.096,64","27.411,57","26.790,59","7,38M","-1,81%"
"05.02.2020","27.395,53","27.285,59","27.790,36","27.285,51","7,17M","0,86%"
"04.02.2020","27.161,06","26.943,37","27.395,84","26.943,37","5,83M","0,65%"
"03.02.2020","26.986,82","26.782,32","27.144,62","26.713,30","5,51M","1,58%"
"31.01.2020","26.567,16","26.977,63","26.977,63","26.424,18","6,22M","-2,43%"
"30.01.2020","27.227,91","27.191,84","27.227,91","26.590,97","6,32M","-0,18%"
"29.01.2020","27.275,81","27.538,11","27.698,10","27.223,54","5,10M","-1,78%"
"28.01.2020","27.770,78","27.294,75","27.846,53","27.292,90","5,23M","2,06%"
"27.01.2020","27.209,64","28.128,23","28.128,23","27.184,38","6,10M","-3,89%"
"24.01.2020","28.310,22","28.585,55","28.601,21","28.246,11","4,32M","-1,23%"
"23.01.2020","28.661,64","28.389,19","28.663,36","28.032,98","6,57M","1,26%"
"22.01.2020","28.305,69","27.981,51","28.307,99","27.981,51","5,77M","1,89%"
"21.01.2020","27.781,98","28.217,57","28.217,57","27.781,98","5,09M","-2,07%"
"20.01.2020","28.369,28","28.277,81","28.369,28","28.146,34","3,84M","-0,35%"
"17.01.2020","28.469,41","28.044,48","28.469,57","28.044,48","4,95M","2,08%"
"16.01.2020","27.888,31","27.819,17","27.984,22","27.710,81","5,42M","0,02%"
"15.01.2020","27.881,67","28.173,40","28.173,40","27.827,49","5,57M","-2,05%"
"14.01.2020","28.464,50","28.390,14","28.482,11","28.217,04","5,36M","0,60%"
"13.01.2020","28.294,33","27.854,76","28.296,22","27.854,76","5,69M","0,34%"
"10.01.2020","28.199,08","28.307,56","28.502,17","28.064,54","4,78M","-0,47%"
"09.01.2020","28.331,61","28.405,01","28.544,91","28.200,53","5,95M","-0,94%"
"08.01.2020","28.599,17","28.702,57","28.866,78","28.462,87","5,91M","-0,28%"
"07.01.2020","28.680,78","28.732,36","28.782,54","28.509,53","4,85M","-0,33%"
"06.01.2020","28.776,32","28.980,37","28.980,37","28.626,33","6,57M","-0,57%"
"03.01.2020","28.942,60","29.153,52","29.209,44","28.852,58","","-1,73%"
"02.01.2020","29.451,84","28.726,27","29.451,84","28.725,53","","2,36%"